gene_id	median_abs_deviation
GSM2667747_x	118.2
GSM2667748_x	65.7588
GSM2667749_x	32.6376
GSM2667750_x	183.5604
GSM2667751_x	103.0294
GSM2667752_x	141.995
GSM2667753_x	30.2054
GSM2667754_x	23.5526
GSM2667755_x	117.9994
GSM2667756_x	130.0562
GSM2667757_x	153.1892
GSM2667758_x	37.2167
GSM2667759_x	21.8599
GSM2667760_x	173.5823
GSM2667761_x	112.5328
GSM2667762_x	151.8109
GSM2667763_x	47.953
GSM2667764_x	40.9675
GSM2667765_x	158.9309
GSM2667766_x	106.4505
GSM2667767_x	168.8166
GSM2667768_x	30.8722
GSM2667769_x	13.9835
GSM2667770_x	116.445
GSM2667771_x	129.5904
GSM2667772_x	182.3094
GSM2667773_x	53.543
GSM2667774_x	31.4104
GSM2667775_x	139.7126
GSM2667776_x	99.1898
GSM2667777_x	58.7774
GSM2667778_x	200.4963
GSM2667779_x	17.3005
GSM2667780_x	105.4039
GSM2667781_x	105.2204
GSM2667782_x	254.9619
GSM2667783_x	270.2929
GSM2667784_x	66.7249
GSM2667785_x	103.1861
GSM2667786_x	140.011
GSM2667747_y	118.2
GSM2667748_y	65.7588
GSM2667749_y	32.6376
GSM2667750_y	183.5604
GSM2667751_y	103.0294
GSM2667752_y	141.995
GSM2667753_y	30.2054
GSM2667754_y	23.5526
GSM2667755_y	117.9994
GSM2667756_y	130.0562
GSM2667757_y	153.1892
GSM2667758_y	37.2167
GSM2667759_y	21.8599
GSM2667760_y	173.5823
GSM2667761_y	112.5328
GSM2667762_y	151.8109
GSM2667763_y	47.953
GSM2667764_y	40.9675
GSM2667765_y	158.9309
GSM2667766_y	106.4505
GSM2667767_y	168.8166
GSM2667768_y	30.8722
GSM2667769_y	13.9835
GSM2667770_y	116.445
GSM2667771_y	129.5904
GSM2667772_y	182.3094
GSM2667773_y	53.543
GSM2667774_y	31.4104
GSM2667775_y	139.7126
GSM2667776_y	99.1898
GSM2667777_y	58.7774
GSM2667778_y	200.4963
GSM2667779_y	17.3005
GSM2667780_y	105.4039
GSM2667781_y	105.2204
GSM2667782_y	254.9619
GSM2667783_y	270.2929
GSM2667784_y	66.7249
GSM2667785_y	103.1861
GSM2667786_y	140.011
GSM2667747	118.2
GSM2667748	65.7588
GSM2667749	32.6376
GSM2667750	183.5604
GSM2667751	103.0294
GSM2667752	141.995
GSM2667753	30.2054
GSM2667754	23.5526
GSM2667755	117.9994
GSM2667756	130.0562
GSM2667757	153.1892
GSM2667758	37.2167
GSM2667759	21.8599
GSM2667760	173.5823
GSM2667761	112.5328
GSM2667762	151.8109
GSM2667763	47.953
GSM2667764	40.9675
GSM2667765	158.9309
GSM2667766	106.4505
GSM2667767	168.8166
GSM2667768	30.8722
GSM2667769	13.9835
GSM2667770	116.445
GSM2667771	129.5904
GSM2667772	182.3094
GSM2667773	53.543
GSM2667774	31.4104
GSM2667775	139.7126
GSM2667776	99.1898
GSM2667777	58.7774
GSM2667778	200.4963
GSM2667779	17.3005
GSM2667780	105.4039
GSM2667781	105.2204
GSM2667782	254.9619
GSM2667783	270.2929
GSM2667784	66.7249
GSM2667785	103.1861
GSM2667786	140.011
GSM2668081	40.2815
GSM2668082	36.985
GSM2668083	36.8433
GSM2668084	32.49925
GSM2668085	36.1482
GSM2668086	37.24745
GSM2668087	33.491249999999994
GSM2668088	39.71295
GSM2668089	36.0507
GSM2671001	61.0833
GSM2671002	148.6713
GSM2671003	63.06425
GSM2671004	82.79140000000001
GSM2671005	59.993
GSM2671006	123.21345
GSM2670874	40.19345
GSM2670875	38.42545
GSM2670876	44.026650000000004
GSM2670877	42.985150000000004
GSM2670878	45.957049999999995
GSM2670879	51.81125
GSM2670880	40.80845
GSM2670881	44.44235
GSM2670882	43.70185
GSM2670883	46.3177
GSM2670884	45.80435
GSM2670885	50.676199999999994
GSM2670886	69.48585
GSM2670887	67.27065
GSM2670888	62.07965
GSM2670929	41.279250000000005
GSM2670930	52.724900000000005
GSM2670931	45.0189
GSM2670932	39.88695
GSM2670933	42.93505
GSM2670934	64.96770000000001
GSM2670935	38.974450000000004
GSM2670936	51.0338
GSM2670937	41.66985
GSM2670938	33.7672
GSM2670939	47.937349999999995
GSM2670940	28.232349999999997
GSM2670941	54.143100000000004
GSM2670942	39.012
GSM2670943	39.794650000000004
GSM2670944	57.9992
GSM2671095	44.468149999999994
GSM2671096	56.0409
GSM2671097	59.1158
GSM2671098	55.7444
GSM2671099	49.5513
GSM2671100	37.12575
GSM2671101	58.93905
GSM2671102	56.9898
GSM2671215	5.0
GSM2671216	7.577
GSM2671217	5.1208
GSM2671218	8.0
GSM2671219	5.0
GSM2671220	5.0
GSM2671221	4.4579
GSM2671222	4.0
GSM2671223	4.0
GSM2671224	3.0661
GSM2671225	7.0
GSM2671226	7.5
GSM2671227	7.0
GSM2671228	6.0504999999999995
GSM2671229	5.0
GSM2671230	4.0
GSM2671231	3.01595
GSM2671232	4.4306
GSM2671233	6.8832
GSM2671234	4.0
GSM2671235	5.46105
GSM2671236	6.0
GSM2671237	1.0
GSM2671238	2.0
GSM2671239	6.4796499999999995
GSM2671240	2.0168
GSM2671241	6.0
GSM2671242	8.00505
GSM2671243	4.78365
GSM2671244	3.3197
GSM2671245	1.0
GSM2671246	8.0
GSM2671247	6.0
GSM2671248	7.0
GSM2671249	7.049300000000001
GSM2671250	4.0
GSM2671251	3.0136000000000003
GSM2671252	6.0
GSM2671253	2.0
GSM2671254	6.0
GSM2671255	3.0
GSM2671256	2.0
GSM2671257	4.0
GSM2671258	9.0
GSM2671259	6.0
GSM2671260	6.0
GSM2671261	4.36795
GSM2671262	6.0
GSM2671263	7.0
GSM2671264	7.0
GSM2671265	7.037
GSM2671266	10.094750000000001
GSM2671267	8.140550000000001
GSM2671268	9.0
GSM2671269	7.5105
GSM2671270	5.0
GSM2671271	3.0
GSM2671272	2.0
GSM2671273	4.02925
GSM2671274	6.0
GSM2671275	3.1390000000000002
GSM2671276	6.0
GSM2671277	3.0
GSM2671278	2.0
GSM2671279	3.0
GSM2671280	2.0
GSM2671281	5.0
GSM2671282	5.198
GSM2671283	7.4209499999999995
GSM2671284	5.0
GSM2671285	5.0
GSM2671286	5.6181
GSM2671287	6.0
GSM2671288	6.0
GSM2671289	9.0
GSM2672034	0.0
GSM2672035	0.0
GSM2672036	0.0
GSM2672037	0.0
GSM2672038	0.0
GSM2672039	1.0003
GSM2672040	0.0
GSM2672041	0.0
GSM2672042	0.0
GSM2672043	0.0
GSM2672044	0.0
GSM2672045	0.0
GSM2672046	0.0
GSM2672047	0.0
GSM2672048	0.0
GSM2672049	0.0
GSM2672050	0.0
GSM2672051	0.0
GSM2672052	0.99985
GSM2672053	0.0
GSM2672054	0.0
GSM2672055	0.0
GSM2672056	4.00095
GSM2672057	0.0
GSM2672058	0.0
GSM2672059	6.0413
GSM2672060	0.0
GSM2672061	1.0025
GSM2672062	0.0
GSM2672063	0.0
GSM2672064	0.0
GSM2672065	0.0
GSM2672066	5.65325
GSM2672067	0.597
GSM2672068	13.467099999999999
GSM2672069	1.9903499999999998
GSM2672070	0.0
GSM2672071	0.0
GSM2672072	0.0
GSM2672073	0.0
GSM2672074	0.0
GSM2672075	1.0026
GSM2672076	0.0
GSM2672077	0.99955
GSM2672078	0.0
GSM2672079	0.0
GSM2672080	0.0
GSM2672081	0.0
GSM2672082	0.0
GSM2672083	0.0
GSM2672084	0.0
GSM2672085	0.0
GSM2672086	3.1704
GSM2672087	0.0
GSM2672088	0.0
GSM2672089	0.0
GSM2672090	0.0
GSM2672091	0.0
GSM2672092	0.0
GSM2672093	0.0
GSM2672094	0.0
GSM2672095	0.0
GSM2672096	0.0
GSM2672097	17.005650000000003
GSM2672098	5.01125
GSM2672099	0.0
GSM2672100	0.0
GSM2672101	0.0
GSM2672102	0.0
GSM2672103	0.0
GSM2672104	0.0
GSM2672105	0.0
GSM2672106	0.0
GSM2672107	0.0
GSM2672108	0.0
GSM2672109	0.0
GSM2672110	0.0
GSM2672111	0.0
GSM2672112	0.0
GSM2672113	0.0
GSM2672114	0.0
GSM2672115	0.0
GSM2672116	0.0
GSM2672117	0.0
GSM2672118	4.709250000000001
GSM2672119	0.0
GSM2672120	0.0
GSM2672121	0.0
GSM2672122	0.0
GSM2672123	0.0
GSM2672124	0.0
GSM2672125	0.0
GSM2674232	43.73075
GSM2674233	39.979299999999995
GSM2674234	45.8233
GSM2674235	73.4482
GSM2674236	70.97534999999999
GSM2674237	81.10235
GSM2674238	74.0001
GSM2674239	83.62594999999999
GSM2674240	91.0
GSM2674241	27.89745
GSM2674242	26.074550000000002
GSM2674243	23.07385
GSM2674244	32.49255
GSM2674245	26.856
GSM2674246	35.91865
GSM2674606	5.0121
GSM2674607	4.9887
GSM2674608	5.89075
GSM2674609	1.0252
GSM2674610	6.015750000000001
GSM2674611	10.1482
GSM2674612	12.90325
GSM2674613	20.2132
GSM2674614	9.149149999999999
GSM2674615	9.9667
GSM2674616	7.00455
GSM2674617	5.9582999999999995
GSM2674618	9.89915
GSM2674619	13.87115
GSM2674620	5.00855
GSM2674621	11.0018
GSM2674622	14.78285
GSM2674623	13.169
GSM2674624	9.0754
GSM2674625	6.305300000000001
GSM2674626	9.08515
GSM2674627	15.147549999999999
GSM2674628	13.0196
GSM2674629	11.04075
GSM2674630	3.99345
GSM2674631	6.633850000000001
GSM2674632	14.046199999999999
GSM2674633	11.242799999999999
GSM2674634	9.0364
GSM2674635	7.10805
GSM2674636	4.97495
GSM2674637	8.4437
GSM2676359	37.0
GSM2676360	27.0
GSM2674863	5.06515
GSM2674864	8.5823
GSM2674865	17.93715
GSM2674866	46.78795
GSM2674867	209.4838
GSM2674868	178.01945
GSM2674869	249.89095
GSM2674870	17.0756
GSM2674871	273.43865
GSM2674872	76.0176
GSM2674873	20.30205
GSM2674874	42.132149999999996
GSM2674875	23.553150000000002
GSM2674876	60.9199
GSM2674877	141.85014999999999
GSM2674878	38.75855
GSM2674879	179.19585
GSM2674880	69.25665000000001
GSM2674881	8.9458
GSM2674882	162.25645
GSM2674883	68.58105
GSM2674884	43.5047
GSM2674885	34.06125
GSM2674886	50.368300000000005
GSM2674887	103.1576
GSM2674888	2.01555
GSM2674889	123.05330000000001
GSM2674890	21.990099999999998
GSM2674891	3.0111499999999998
GSM2674892	176.93505
GSM2674893	98.33785
GSM2674894	102.961
GSM2674895	163.5451
GSM2674896	177.64835
GSM2674897	116.08455000000001
GSM2674898	170.78244999999998
GSM2674899	119.79005000000001
GSM2676335	63.02250000000001
GSM2676336	52.0
GSM2676337	59.22925
GSM2676338	62.1118
GSM2676339	39.9312
GSM2676340	49.5492
GSM2676341	26.588250000000002
GSM2676342	48.1377
GSM2676343	27.34025
GSM2676344	45.07979999999999
GSM2676823	23.56495
GSM2676824	22.7472
GSM2676825	28.9991
GSM2676826	20.48515
GSM2676827	28.208350000000003
GSM2676828	24.597949999999997
GSM2676829	24.43935
GSM2676830	26.23915
GSM2676835	34.1814
GSM2676836	28.77065
GSM2677357	49.611999999999995
GSM2677358	39.022800000000004
GSM2677359	51.73185
GSM2677360	37.0978
GSM2677361	51.24185
GSM2677362	50.9735
GSM2677363	52.966449999999995
GSM2677364	59.3322
GSM2677365	50.0428
GSM2677366	45.9897
GSM2677508	343.0
GSM2677509	229.0
GSM2677510	365.0
GSM2677511	399.0
GSM2677512	401.0
GSM2677513	197.0
GSM2677514	420.0
GSM2677515	304.0
GSM2677516	325.0
GSM2677517	333.0
GSM2677861	29.1402
GSM2677862	36.298
GSM2677863	34.450599999999994
GSM2677864	44.87125
GSM2677865	53.97595
GSM2677866	41.91885
GSM2677867	35.70815
GSM2677868	38.06255
GSM2677869	31.1774
GSM2677870	40.3039
GSM2677871	38.177049999999994
GSM2677872	37.71955
GSM2677873	36.13535
GSM2677874	39.6319
GSM2677875	38.8835
GSM2677876	56.0311
GSM2677877	49.3656
GSM2677878	58.39235
GSM2677879	42.564049999999995
GSM2677880	47.8539
GSM2677881	21.035400000000003
GSM2677882	30.03465
GSM2677883	20.9743
GSM2677884	35.5982
GSM2677885	40.54215
GSM2677886	52.1104
GSM2677887	34.0867
GSM2677888	75.12905
GSM2677889	65.08405
GSM2677890	60.15305
GSM2678105	79.27375
GSM2678106	78.3676
GSM2678107	67.69489999999999
GSM2678108	75.00039999999998
GSM2678109	85.9292
GSM2678110	85.86805
GSM2679452	22.5694
GSM2679453	63.10355
GSM2679454	43.5876
GSM2679455	33.396550000000005
GSM2679456	27.05035
GSM2679457	33.4678
GSM2679458	45.1704
GSM2679459	36.51365
GSM2679460	29.5767
GSM2679461	33.7222
GSM2679462	30.2697
GSM2679463	36.359899999999996
GSM2679464	7.9802
GSM2679465	28.174799999999998
GSM2679466	8.99465
GSM2679467	26.721
GSM2679468	11.9312
GSM2679469	11.21125
GSM2679470	30.3468
GSM2679471	10.0153
GSM2679472	12.039100000000001
GSM2679473	27.7758
GSM2679474	7.0005
GSM2679475	29.30765
GSM2679476	28.00425
GSM2679477	14.617249999999999
GSM2679478	12.00235
GSM2679479	12.55275
GSM2679480	12.16
GSM2679481	15.0902
GSM2679482	16.4997
GSM2679483	16.84395
GSM2679484	26.62205
GSM2679485	29.5601
GSM2679486	5.03085
GSM2679487	29.8479
GSM2679488	15.811150000000001
GSM2679489	32.3835
GSM2679490	11.6174
GSM2679491	31.2853
GSM2679492	21.78835
GSM2679493	41.86835
GSM2679494	26.962600000000002
GSM2679495	62.082350000000005
GSM2679496	7.9539
GSM2679497	6.741199999999999
GSM2679498	10.5131
GSM2679499	31.3602
GSM2679500	41.638999999999996
GSM2679501	55.141400000000004
GSM2679502	46.8185
GSM2679503	52.328649999999996
GSM2679504	47.7502
GSM2679505	52.64135
GSM2679506	46.19715
GSM2679507	47.495850000000004
GSM2679508	49.195
GSM2679509	50.04975
GSM2679510	56.09665
GSM2679511	50.78775
GSM2679941	31.03575
GSM2679942	27.9176
GSM2679943	30.04535
GSM2679944	22.17125
GSM2679945	25.0
GSM2679946	21.8497
GSM2679947	40.1257
GSM2679948	31.332349999999998
GSM2679949	35.694599999999994
GSM2679950	36.0894
GSM2679951	24.4004
GSM2679952	30.52975
GSM2679953	36.06435
GSM2679954	29.000149999999998
GSM2679955	28.0
GSM2679956	29.6981
GSM2679957	27.0
GSM2679958	32.05675
GSM2679959	37.975
GSM2679960	31.68355
GSM2679961	35.5178
GSM2679962	42.59685
GSM2679963	28.46605
GSM2679964	31.24875
GSM2680226	18.80265
GSM2680227	23.83155
GSM2680228	26.0
GSM2680229	22.0
GSM2680444	51.00395
GSM2680445	52.0201
GSM2680446	46.4562
GSM2680447	51.7812
GSM2680448	42.3063
GSM2680449	40.782399999999996
GSM2680450	39.45735
GSM2680451	32.8538
GSM2680452	31.994300000000003
GSM2680453	31.831899999999997
GSM2680454	32.6554
GSM2680455	27.00225
GSM2680456	37.031549999999996
GSM2680457	39.965050000000005
GSM2680458	36.41585
GSM2680459	40.9785
GSM2680460	34.897949999999994
GSM2680461	34.92915
GSM2680462	68.8917
GSM2680463	60.26105
GSM2680464	57.79645
GSM2680465	48.915949999999995
GSM2680466	59.6546
GSM2680467	66.6585
GSM2680468	57.260549999999995
GSM2680469	56.982299999999995
GSM2680470	39.58985
GSM2680471	41.80775
GSM2680472	38.5227
GSM2680473	50.98795
GSM2680565	79.91855000000001
GSM2680566	115.51165
GSM2680567	86.11225
GSM2680568	121.23405
GSM2680569	88.98315
GSM2680570	97.81354999999999
GSM2682871	130.25529999999998
GSM2682872	18.9244
GSM2682873	66.54075
GSM2682874	216.96295
GSM2682875	127.6519
GSM2682876	150.22225
GSM2682877	83.4394
GSM2682878	206.45024999999998
GSM2682879	117.21005
GSM2682880	116.0192
GSM2685237	37.56155
GSM2685238	55.99995
GSM2685239	70.4487
GSM2685240	49.4839
GSM2685241	43.12755
GSM2685242	32.0001
GSM2685248	45.0
GSM2685249	31.4052
GSM2685250	52.7042
GSM2685251	39.0
GSM2685252	52.0001
GSM2685253	49.754599999999996
GSM2685254	40.337450000000004
GSM2685255	32.01925
GSM2685256	52.3771
GSM2685257	52.0002
GSM2685865	7.0
GSM2685866	9.0
GSM2686058	78.5155
GSM2686059	63.8334
GSM2686060	68.99075
GSM2686061	83.0034
GSM2686062	74.3558
GSM2686063	64.01965
GSM2686835	13.02995
GSM2686836	11.1369
GSM2686837	13.9087
GSM2686838	15.83215
GSM2686839	12.249
GSM2686840	12.10435
GSM2686841	13.918800000000001
GSM2686842	20.26575
GSM2686843	26.3313
GSM2686844	21.51895
GSM2686845	25.02365
GSM2686846	22.42895
GSM2686847	22.28555
GSM2686848	21.867
GSM2686849	20.4877
GSM2686850	10.49105
GSM2686851	15.4452
GSM2686852	11.0607
GSM2686853	15.818000000000001
GSM2686854	12.94975
GSM2686855	12.0765
GSM2686856	12.94915
GSM2686857	10.140699999999999
GSM2686858	13.18985
GSM2686859	21.4727
GSM2686860	26.75115
GSM2686861	36.183
GSM2686862	24.39525
GSM2686863	22.15175
GSM2686864	27.962449999999997
GSM2686865	20.052750000000003
GSM2686866	39.061049999999994
GSM2687180	50.136449999999996
GSM2687181	33.3448
GSM2687182	25.0751
GSM2687183	22.0
GSM2687184	36.070750000000004
GSM2687185	25.139049999999997
GSM2687186	21.261049999999997
GSM2687187	25.825249999999997
GSM2687188	34.1667
GSM2687189	32.61215
GSM2687190	33.37365
GSM2687191	30.82085
GSM2687192	35.5159
GSM2687193	37.7592
GSM2687194	58.39834999999999
GSM2687195	30.40895
GSM2687196	29.6958
GSM2687197	22.011850000000003
GSM2687198	22.5125
GSM2687199	27.35035
GSM2687200	25.520699999999998
GSM2687201	24.996299999999998
GSM2687202	18.4863
GSM2687203	20.9632
GSM2687204	11.392600000000002
GSM2687205	12.41935
GSM2687206	15.1294
GSM2687207	11.3113
GSM2687208	18.54
GSM2687209	29.219
GSM2687210	16.0
GSM2687211	43.569900000000004
GSM2687212	36.90219999999999
GSM2687213	47.586200000000005
GSM2687214	50.039699999999996
GSM2687215	53.463899999999995
GSM2687216	34.838
GSM2687217	36.259150000000005
GSM2687218	35.3179
GSM2687219	33.63485
GSM2687220	40.44745
GSM2687221	40.7545
GSM2687222	35.2627
GSM2687223	28.4343
GSM2687224	36.694050000000004
GSM2687225	53.8758
GSM2687226	48.33355
GSM2687227	44.68755
GSM2687228	47.266149999999996
GSM2687229	42.828649999999996
GSM2687230	38.37235
GSM2687231	16.567300000000003
GSM2687232	16.0
GSM2687233	20.18025
GSM2687234	9.7494
GSM2687235	14.210049999999999
GSM2687236	17.5946
GSM2687237	19.4056
GSM2687238	14.988900000000001
GSM2687239	17.4048
GSM2687240	23.0588
GSM2687241	20.5416
GSM2687242	22.04885
GSM2687243	23.0584
GSM2687244	15.3302
GSM2687245	8.6785
GSM2687246	13.75235
GSM2687247	10.237549999999999
GSM2687335	7.0
GSM2687336	6.0
GSM2687337	5.0
GSM2687338	6.0
GSM2687339	6.0
GSM2687340	6.0
GSM2687341	5.0
GSM2687342	7.0
GSM2687343	6.0
GSM2687344	4.0
GSM2687345	6.0
GSM2687346	5.0
GSM2687347	6.0
GSM2687348	5.0
GSM2687349	7.0
GSM2687350	7.0
GSM2687351	8.0
GSM2687352	7.0
GSM2687353	41.02815
GSM2687354	46.98535
GSM2687355	47.99535
GSM2687356	57.92725
GSM2687357	44.9898
GSM2687358	38.18155
GSM2687359	46.03415
GSM2687360	60.9944
GSM2687361	38.024100000000004
GSM2687362	36.263999999999996
GSM2687363	54.569500000000005
GSM2687364	56.177
GSM2687365	47.075199999999995
GSM2687366	53.832049999999995
GSM2687367	55.291399999999996
GSM2687368	44.052099999999996
GSM2687369	44.01985
GSM2688979	0.0
GSM2688980	0.0
GSM2688981	0.0
GSM2688982	0.0
GSM2688983	0.0
GSM2688984	0.0
GSM2688985	0.0
GSM2688986	0.0
GSM2688987	0.0
GSM2688988	0.0
GSM2688989	0.0
GSM2688990	0.0
GSM2688991	0.0
GSM2688992	0.0
GSM2688993	0.0
GSM2688994	0.0
GSM2688995	0.0
GSM2688996	0.0
GSM2688997	0.0
GSM2688998	0.0
GSM2688999	0.0
GSM2689000	0.0
GSM2689001	0.0
GSM2689002	0.0
GSM2689003	0.0
GSM2689004	0.0
GSM2689005	0.0
GSM2689006	0.0
GSM2689007	0.0
GSM2689008	0.0
GSM2689009	0.0
GSM2689010	0.0
GSM2689011	0.0
GSM2689012	0.0
GSM2689013	0.0
GSM2689014	0.0
GSM2689015	0.0
GSM2689016	0.0
GSM2689017	0.0
GSM2689018	0.0
GSM2689019	0.0
GSM2689020	0.0
GSM2689021	0.0
GSM2689022	0.0
GSM2689023	0.0
GSM2689024	0.0
GSM2689025	0.0
GSM2689026	0.0
GSM2689027	0.0
GSM2689028	0.0
GSM2689029	0.0
GSM2689030	0.0
GSM2689031	0.0
GSM2689032	0.0
GSM2689033	0.0
GSM2689034	0.0
GSM2689035	0.0
GSM2689036	0.0
GSM2689037	0.0
GSM2689038	0.0
GSM2689039	0.0
GSM2689040	0.0
GSM2689041	0.0
GSM2689042	0.0
GSM2689043	0.0
GSM2689044	0.0
GSM2689045	0.0
GSM2689046	0.0
GSM2689047	0.0
GSM2689048	0.0
GSM2689049	0.0
GSM2689050	0.0
GSM2689051	0.0
GSM2689052	0.0
GSM2689053	0.0
GSM2689054	0.0
GSM2689055	0.0
GSM2689056	0.0
GSM2689057	0.0
GSM2689058	0.0
GSM2689059	0.0
GSM2689060	0.0
GSM2689061	0.0
GSM2689062	0.0
GSM2689063	0.0
GSM2689064	0.0
GSM2689065	0.0
GSM2689066	0.0
GSM2689067	0.0
GSM2689068	0.0
GSM2689069	0.0
GSM2689070	0.0
GSM2689071	0.0
GSM2689072	0.0
GSM2689073	0.0
GSM2689074	0.0
GSM2689075	0.0
GSM2689076	0.0
GSM2689077	0.0
GSM2689078	0.0
GSM2689079	0.0
GSM2689080	0.0
GSM2689081	0.0
GSM2689082	0.0
GSM2689083	0.0
GSM2689084	0.0
GSM2689085	0.0
GSM2689086	0.0
GSM2689087	0.0
GSM2689088	0.0
GSM2689089	0.0
GSM2689090	0.0
GSM2689091	0.0
GSM2689092	0.0
GSM2689093	0.0
GSM2689094	0.0
GSM2689095	0.0
GSM2689096	0.0
GSM2689097	0.0
GSM2689098	0.0
GSM2689099	0.0
GSM2689100	0.0
GSM2689101	0.0
GSM2689102	0.0
GSM2689103	0.0
GSM2689104	0.0
GSM2689105	0.0
GSM2689106	0.0
GSM2689107	0.0
GSM2689108	0.0
GSM2689109	0.0
GSM2689110	0.0
GSM2689111	0.0
GSM2689112	0.0
GSM2689113	0.0
GSM2689114	0.0
GSM2689115	0.0
GSM2689116	0.0
GSM2689117	0.0
GSM2689118	0.0
GSM2689119	0.0
GSM2689120	0.0
GSM2689121	0.0
GSM2689122	0.0
GSM2689123	0.0
GSM2689124	0.0
GSM2689125	0.0
GSM2689126	0.0
GSM2689127	0.0
GSM2689128	0.0
GSM2689129	0.0
GSM2689130	0.0
GSM2689131	0.0
GSM2689132	0.0
GSM2689133	0.0
GSM2689134	0.0
GSM2689135	0.0
GSM2689136	0.0
GSM2689137	0.0
GSM2689138	0.0
GSM2689139	0.0
GSM2689140	0.0
GSM2689141	0.0
GSM2689142	0.0
GSM2689143	0.0
GSM2689144	0.0
GSM2689145	0.0
GSM2689146	0.0
GSM2689147	0.0
GSM2689148	0.0
GSM2689149	0.0
GSM2689150	0.0
GSM2689151	0.0
GSM2689152	0.0
GSM2689153	0.0
GSM2689154	0.0
GSM2689155	0.0
GSM2689156	0.0
GSM2689157	0.0
GSM2689158	0.0
GSM2689159	0.0
GSM2689160	0.0
GSM2689161	0.0
GSM2689162	0.0
GSM2689163	0.0
GSM2689164	0.0
GSM2689165	0.0
GSM2689166	0.0
GSM2689167	0.0
GSM2689168	0.0
GSM2689169	0.0
GSM2689170	0.0
GSM2689171	0.0
GSM2689172	0.0
GSM2689173	0.0
GSM2689174	0.0
GSM2689175	0.0
GSM2689176	0.0
GSM2689177	0.0
GSM2689178	0.0
GSM2689179	0.0
GSM2689180	0.0
GSM2689181	0.0
GSM2689182	0.0
GSM2689183	0.0
GSM2689184	0.0
GSM2689185	0.0
GSM2689186	0.0
GSM2689187	0.0
GSM2689188	0.0
GSM2689189	0.0
GSM2689190	0.0
GSM2689191	0.0
GSM2689192	0.0
GSM2689193	0.0
GSM2689194	0.0
GSM2689195	0.0
GSM2689196	0.0
GSM2689197	0.0
GSM2689198	0.0
GSM2689199	0.0
GSM2689200	0.0
GSM2689201	0.0
GSM2689202	0.0
GSM2689203	0.0
GSM2689204	0.0
GSM2689205	0.0
GSM2689206	0.0
GSM2689207	0.0
GSM2689208	0.0
GSM2689209	0.0
GSM2689210	0.0
GSM2689211	0.0
GSM2689212	0.0
GSM2689213	0.0
GSM2689214	0.0
GSM2689215	0.0
GSM2689216	0.0
GSM2689217	0.0
GSM2689218	0.0
GSM2689219	0.0
GSM2689220	0.0
GSM2689221	0.0
GSM2689222	0.0
GSM2689223	0.0
GSM2689224	0.0
GSM2689225	0.0
GSM2689226	0.0
GSM2689227	0.0
GSM2689228	0.0
GSM2689229	0.0
GSM2689230	0.0
GSM2689231	0.0
GSM2689232	0.0
GSM2689233	0.0
GSM2689234	0.0
GSM2689235	0.0
GSM2689236	0.0
GSM2689237	0.0
GSM2689238	0.0
GSM2689239	0.0
GSM2689240	0.0
GSM2689241	0.0
GSM2689242	0.0
GSM2689243	0.0
GSM2689244	0.0
GSM2689245	0.0
GSM2689246	0.0
GSM2689247	0.0
GSM2689248	0.0
GSM2689249	0.0
GSM2689250	0.0
GSM2689251	0.0
GSM2689252	0.0
GSM2689253	0.0
GSM2689254	0.0
GSM2689255	0.0
GSM2689256	0.0
GSM2689257	0.0
GSM2689258	0.0
GSM2689259	0.0
GSM2689260	0.0
GSM2689261	0.0
GSM2689262	0.0
GSM2689263	0.0
GSM2689264	0.0
GSM2689265	0.0
GSM2689266	0.0
GSM2689267	0.0
GSM2689268	0.0
GSM2689269	0.0
GSM2689270	0.0
GSM2689271	0.0
GSM2689272	0.0
GSM2689273	0.0
GSM2689274	0.0
GSM2689275	0.0
GSM2689276	0.0
GSM2689277	0.0
GSM2689278	0.0
GSM2689279	0.0
GSM2689280	0.0
GSM2689281	0.0
GSM2689282	0.0
GSM2689283	0.0
GSM2689284	0.0
GSM2689285	0.0
GSM2689286	0.0
GSM2689287	0.0
GSM2689288	0.0
GSM2689289	0.0
GSM2689290	0.0
GSM2689291	0.0
GSM2689292	0.0
GSM2689293	0.0
GSM2689294	0.0
GSM2689295	0.0
GSM2689296	0.0
GSM2689297	0.0
GSM2689298	0.0
GSM2689299	0.0
GSM2689300	0.0
GSM2689301	0.0
GSM2689302	0.0
GSM2689303	0.0
GSM2689304	0.0
GSM2689305	0.0
GSM2689306	0.0
GSM2689307	0.0
GSM2689308	0.0
GSM2689309	0.0
GSM2689310	0.0
GSM2689311	0.0
GSM2689312	0.0
GSM2689313	0.0
GSM2689314	0.0
GSM2689315	0.0
GSM2689316	0.0
GSM2689317	0.0
GSM2689318	0.0
GSM2689319	0.0
GSM2689320	0.0
GSM2689321	0.0
GSM2689322	0.0
GSM2689323	0.0
GSM2689324	0.0
GSM2689325	0.0
GSM2689326	0.0
GSM2689327	0.0
GSM2689328	0.0
GSM2689329	0.0
GSM2689330	0.0
GSM2689331	0.0
GSM2689332	0.0
GSM2689333	0.0
GSM2689334	0.0
GSM2689335	0.0
GSM2689336	0.0
GSM2689337	0.0
GSM2689338	0.0
GSM2689339	0.0
GSM2689340	0.0
GSM2689341	0.0
GSM2689342	0.0
GSM2689343	0.0
GSM2689344	0.0
GSM2689345	0.0
GSM2689346	0.0
GSM2689347	0.0
GSM2689348	0.0
GSM2689349	0.0
GSM2689350	0.0
GSM2689351	0.0
GSM2689352	0.0
GSM2689353	0.0
GSM2689354	0.0
GSM2689355	0.0
GSM2689356	0.0
GSM2689357	0.0
GSM2689358	0.0
GSM2689359	0.0
GSM2689360	0.0
GSM2689361	0.0
GSM2689362	0.0
GSM2689363	0.0
GSM2689364	0.0
GSM2689365	0.0
GSM2689366	0.0
GSM2689367	0.0
GSM2689368	0.0
GSM2689369	0.0
GSM2689370	0.0
GSM2689371	0.0
GSM2689372	0.0
GSM2689373	0.0
GSM2689374	0.0
GSM2689375	0.0
GSM2689376	0.0
GSM2689377	0.0
GSM2689378	0.0
GSM2689379	0.0
GSM2689380	0.0
GSM2689381	0.0
GSM2689382	0.0
GSM2689383	0.0
GSM2689384	0.0
GSM2689385	0.0
GSM2689386	0.0
GSM2689387	0.0
GSM2689388	0.0
GSM2689389	0.0
GSM2689390	0.0
GSM2689391	0.0
GSM2689392	0.0
GSM2689393	0.0
GSM2689394	0.0
GSM2689395	0.0
GSM2689396	0.0
GSM2689397	0.0
GSM2689398	0.0
GSM2689458	22.1343
GSM2689459	10.11915
GSM2689460	36.9322
GSM2689461	12.8571
GSM2689462	30.337699999999998
GSM2689463	9.0043
GSM2689464	16.9922
GSM2689465	14.866299999999999
GSM2689466	16.5416
GSM2689467	9.8239
GSM2689468	16.9827
GSM2689469	10.2852
GSM2689470	11.2172
GSM2689471	19.36385
GSM2689472	16.99475
GSM2690847	40.39305
GSM2690848	35.7432
GSM2690849	39.32165
GSM2690850	51.937799999999996
GSM2690851	46.4561
GSM2690852	36.90685
GSM2690853	46.56395
GSM2690854	55.0852
GSM2690855	52.47455
GSM2690856	51.03825
GSM2690857	60.96355
GSM2691239	45.101200000000006
GSM2691240	45.106049999999996
GSM2691241	58.0938
GSM2691242	45.8347
GSM2691243	56.7172
GSM2691244	56.94515
GSM2691245	39.8844
GSM2691246	28.7435
GSM2691349	17.4703
GSM2691350	16.6378
GSM2691351	18.84035
GSM2691352	15.0
GSM2691353	23.04815
GSM2691354	16.3063
GSM2691355	18.00065
GSM2691356	18.0
GSM2691357	26.0
GSM2691358	31.507199999999997
GSM2691359	16.0
GSM2691360	18.0
GSM2691922	16.3227
GSM2691923	17.201
GSM2691924	17.7883
GSM2691925	19.8794
GSM2691926	14.28055
GSM2692389	9.5537
GSM2692390	11.824950000000001
GSM2692391	13.28745
GSM2692392	17.02965
GSM2692393	12.261949999999999
GSM2692394	9.8293
GSM2692395	16.03325
GSM2692396	10.3118
GSM2692397	14.450099999999999
GSM2692398	11.0085
GSM2692399	9.7868
GSM2692400	10.26435
GSM2692401	8.26815
GSM2692402	6.86575
GSM2692577	39.7586
GSM2692578	41.01095
GSM2692579	39.9983
GSM2692580	77.9029
GSM2692581	76.0543
GSM2692582	70.2997
GSM2692583	45.001149999999996
GSM2692584	112.8187
GSM2692585	115.36575
GSM2692586	81.35405
GSM2692587	89.1675
GSM2692588	77.03495000000001
GSM2692589	67.78495000000001
GSM2692590	60.151799999999994
GSM2692591	59.937
GSM2692592	47.89605
GSM2692593	82.55985000000001
GSM2692594	101.68375
GSM2693346	28.0806
GSM2693347	4.15015
GSM2693348	7.9372
GSM2693349	28.7447
GSM2693929	105.52265
GSM2693930	106.6871
GSM2695328	85.77045
GSM2695329	92.9579
GSM2695330	83.58924999999999
GSM2695331	89.7907
GSM2695666	14.9954
GSM2695667	15.96855
GSM2695668	15.965150000000001
GSM2695669	14.08915
GSM2695670	14.681899999999999
GSM2695671	14.908650000000002
GSM2695672	16.7836
GSM2695673	14.7488
GSM2695674	12.973849999999999
GSM2695675	15.5963
GSM2695676	15.875399999999999
GSM2696500	44.1254
GSM2696501	113.87355
GSM2696502	131.83089999999999
GSM2696503	90.2593
GSM2696504	193.29515
GSM2696505	67.80234999999999
GSM2696506	67.62905
GSM2696507	126.99170000000001
GSM2696508	117.99125000000001
GSM2696509	77.23384999999999
GSM2696510	134.3936
GSM2696511	144.5885
GSM2696512	116.61585
GSM2696513	92.29820000000001
GSM2696514	55.94625
GSM2696515	118.019
GSM2696516	114.117
GSM2696517	42.2239
GSM2696518	86.87100000000001
GSM2696519	78.4144
GSM2696520	101.46975
GSM2696521	192.93335000000002
GSM2696522	70.6656
GSM2696523	90.05930000000001
GSM2696524	119.53229999999999
GSM2696525	90.78805
GSM2696526	209.8564
GSM2696527	70.61245
GSM2696528	116.8242
GSM2696529	121.3914
GSM2696530	43.327299999999994
GSM2696531	92.29135
GSM2696532	109.47385
GSM2696533	136.74025
GSM2696534	56.26535
GSM2696535	68.4418
GSM2696536	57.364999999999995
GSM2696537	86.08515
GSM2696538	108.5765
GSM2696539	97.65090000000001
GSM2696540	121.82585
GSM2696541	77.61995
GSM2696542	72.0238
GSM2696543	105.64824999999999
GSM2696544	217.65935000000002
GSM2696545	150.8448
GSM2696546	159.74380000000002
GSM2696547	150.53405
GSM2696548	104.39085
GSM2696549	173.39710000000002
GSM2696550	112.6567
GSM2696551	98.24969999999999
GSM2696552	118.46495
GSM2696553	116.36535
GSM2696554	141.23195
GSM2696555	46.17915
GSM2696556	208.45600000000002
GSM2696557	60.88555
GSM2696558	19.39985
GSM2696559	23.31065
GSM2696560	106.3253
GSM2696561	45.5704
GSM2696562	66.89475
GSM2696563	120.4003
GSM2696564	48.065650000000005
GSM2696565	13.54515
GSM2696566	19.319200000000002
GSM2696567	132.01569999999998
GSM2696568	62.1797
GSM2696569	72.33055
GSM2696570	119.33165
GSM2696571	27.8874
GSM2696572	23.19495
GSM2696573	115.6567
GSM2696574	16.1555
GSM2696575	31.624499999999998
GSM2696576	22.89205
GSM2696577	81.30125000000001
GSM2696578	30.24695
GSM2696579	93.88675
GSM2696580	94.0826
GSM2696581	53.3686
GSM2696582	14.63055
GSM2696583	32.758449999999996
GSM2696584	18.7806
GSM2696585	84.99885
GSM2696586	47.5047
GSM2696587	77.67840000000001
GSM2696588	19.4603
GSM2696589	37.0937
GSM2696590	89.51835
GSM2696591	99.64915
GSM2696592	17.781599999999997
GSM2696593	72.07855
GSM2696594	30.677950000000003
GSM2696595	14.8901
GSM2696596	45.0851
GSM2696597	35.62625
GSM2696598	71.3201
GSM2696599	75.98945
GSM2696600	34.2547
GSM2696601	50.0864
GSM2696602	104.64519999999999
GSM2698456	18.08755
GSM2698457	18.414749999999998
GSM2698458	16.75045
GSM2698459	23.54585
GSM2699211	22.0
GSM2699212	20.0
GSM2699213	26.0
GSM2699214	28.0
GSM2699215	27.0
GSM2699216	25.0
GSM2699217	24.0
GSM2699218	17.0
GSM2699219	19.0
GSM2699220	21.0
GSM2699221	23.0
GSM2699222	29.0
GSM2699223	33.0
GSM2699224	26.0
GSM2699225	31.0
GSM2699226	28.0
GSM2699227	30.0
GSM2699228	24.0
GSM2699229	24.0
GSM2699230	23.0
GSM2699231	23.0
GSM2699232	26.0
GSM2699233	25.0
GSM2699234	29.0
GSM2699235	21.0
GSM2699236	27.0
GSM2699237	27.0
GSM2699238	30.0
GSM2699239	16.0
GSM2699240	20.0
GSM2699241	22.0
GSM2699242	35.0
GSM2699243	28.0
GSM2699244	28.0
GSM2699245	36.0
GSM2699246	31.0
GSM2699247	25.0
GSM2699248	31.0
GSM2699249	26.0
GSM2699250	20.0
GSM2699251	26.0
GSM2699252	34.0
GSM2699253	33.0
GSM2699254	25.0
GSM2699255	24.0
GSM2699256	32.0
GSM2699257	28.0
GSM2699258	31.0
GSM2699259	29.0
GSM2699260	29.0
GSM2699261	40.0
GSM2699262	30.0
GSM2699263	25.0
GSM2699264	26.0
GSM2699265	31.0
GSM2699266	30.0
GSM2699267	27.0
GSM2699268	25.0
GSM2699269	23.0
GSM2699270	27.0
GSM2699271	31.0
GSM2699272	25.0
GSM2699273	16.0
GSM2699274	35.0
GSM2699275	35.0
GSM2699276	32.0
GSM2699277	17.0
GSM2699278	45.0
GSM2699279	28.0
GSM2699280	28.0
GSM2699281	30.0
GSM2699282	28.0
GSM2699283	38.0
GSM2699284	36.0
GSM2699285	41.0
GSM2699286	25.0
GSM2699287	31.0
GSM2699288	23.0
GSM2699289	25.0
GSM2699290	15.0
GSM2699291	16.0
GSM2699292	27.0
GSM2699293	33.0
GSM2699294	37.0
GSM2699295	35.0
GSM2699296	33.0
GSM2699297	25.0
GSM2699298	25.0
GSM2699299	25.0
GSM2699301	30.0
GSM2699302	13.0
GSM2699303	17.0
GSM2699305	20.0
GSM2699306	12.0
GSM2699307	19.0
GSM2699308	21.0
GSM2699685	129.3019
GSM2699686	129.67034999999998
GSM2699687	158.72775000000001
GSM2699688	111.88635
GSM2699689	106.0053
GSM2699690	149.89260000000002
GSM2699691	83.0375
GSM2699692	67.68975
GSM2700022	37.1699
GSM2700023	31.361849999999997
GSM2700024	0.0
GSM2700025	0.0
GSM2700066	38.1897
GSM2700067	31.714799999999997
GSM2700068	30.93525
GSM2700069	37.568
GSM2700070	33.161649999999995
GSM2700071	40.9803
GSM2700072	31.98625
GSM2700073	32.35465
GSM2700074	100.68805
GSM2700075	81.37595
GSM2700076	62.0701
GSM2700077	93.6887
GSM2700346	8.0237
GSM2700347	9.649799999999999
GSM2700348	4.975
GSM2700349	6.956849999999999
GSM2700350	11.99735
GSM2700351	4.207800000000001
GSM2700352	7.51025
GSM2700353	9.00515
GSM2700354	7.9402
GSM2700355	8.1399
GSM2700356	9.95935
GSM2700357	11.16005
GSM2700358	7.0026
GSM2700359	6.4539
GSM2700360	7.11295
GSM2700361	6.9577
GSM2700362	6.942550000000001
GSM2700363	8.971250000000001
GSM2700503	50.64525
GSM2700504	62.968599999999995
GSM2700505	57.9777
GSM2700506	57.9319
GSM2700507	40.144999999999996
GSM2700508	43.959050000000005
GSM2700509	42.12715
GSM2700510	41.432100000000005
GSM2700511	45.1291
GSM2700512	47.9299
GSM2700513	41.73125
GSM2700514	38.8524
GSM2700515	32.687250000000006
GSM2700516	27.94845
GSM2700517	32.943
GSM2700518	32.06365
GSM2700519	30.94585
GSM2700520	31.646349999999998
GSM2700521	34.512299999999996
GSM2700522	33.237750000000005
GSM2701539	1.0
GSM2701540	72.0
GSM2701541	87.0
GSM2701542	80.0
GSM2701543	31.0
GSM2701544	53.0
GSM2701545	295.0
GSM2701546	53.0
GSM2701547	56.0
GSM2701548	50.0
GSM2701549	57.0
GSM2701550	40.0
GSM2701551	42.0
GSM2701552	46.0
GSM2701553	37.0
GSM2701554	52.0
GSM2701555	39.0
GSM2701556	43.0
GSM2701557	40.0
GSM2701558	57.0
GSM2701559	48.634299999999996
GSM2701560	54.2282
GSM2701561	44.03645
GSM2701562	114.8609
GSM2701923	21.0293
GSM2701924	22.997799999999998
GSM2701925	26.0
GSM2701926	27.35155
GSM2701927	27.3916
GSM2701928	19.68385
GSM2701929	31.154000000000003
GSM2701930	28.982
GSM2701931	15.64645
GSM2701932	28.628650000000004
GSM2701933	31.1075
GSM2701934	32.2723
GSM2701935	25.1007
GSM2701936	23.020699999999998
GSM2701937	24.95675
GSM2701938	23.63515
GSM2701939	14.82565
GSM2701940	24.90315
GSM2701941	25.4342
GSM2701942	23.63725
GSM2701943	26.1603
GSM2701944	25.9554
GSM2701945	26.3858
GSM2701946	25.5133
